scenario,family,capture_type,source_file,binary_label,duration,id.orig_p,id.resp_p,orig_bytes,resp_bytes,orig_pkts,resp_pkts,orig_ip_bytes,resp_ip_bytes,missed_bytes,proto,service,conn_state,history,orig_is_private,resp_is_private,resp_is_public,total_bytes,byte_ratio,total_pkts,pkt_ratio,bytes_per_second
CTU-IoT-Malware-Capture-34-1,Mirai,malicious,CTU-IoT-Malware-Capture-34-1.conn.log.labeled,Malicious,,54290,6667,,,1,0,60,0,0,tcp,,S0,S,1.0,0.0,1.0,0.0,,1,1.0,
CTU-IoT-Malware-Capture-3-1,Muhstik,malicious,CTU-IoT-Malware-Capture-3-1.conn.log.labeled,Malicious,,60262,22,,,1,0,60,0,0,tcp,,S0,S,1.0,0.0,1.0,0.0,,1,1.0,
CTU-IoT-Malware-Capture-8-1,Hakai,malicious,CTU-IoT-Malware-Capture-8-1.conn.log.labeled,Malicious,,37252,50,,,1,0,60,0,0,tcp,,S0,S,1.0,0.0,1.0,0.0,,1,1.0,
CTU-IoT-Malware-Capture-20-1,Torii,malicious,CTU-IoT-Malware-Capture-20-1.conn.log.labeled,Benign,0.018988,123,123,48.0,48.0,1,1,76,76,0,udp,,SF,Dd,1.0,0.0,1.0,96.0,0.9795918367346939,2,0.5,5055.558481225972
CTU-IoT-Malware-Capture-3-1,Muhstik,malicious,CTU-IoT-Malware-Capture-3-1.conn.log.labeled,Benign,,11,0,,,1,0,56,0,0,icmp,,OTH,,0.0,1.0,0.0,0.0,,1,1.0,
CTU-IoT-Malware-Capture-8-1,Hakai,malicious,CTU-IoT-Malware-Capture-8-1.conn.log.labeled,Malicious,,36848,50,,,1,0,60,0,0,tcp,,S0,S,1.0,0.0,1.0,0.0,,1,1.0,
CTU-IoT-Malware-Capture-1-1,Hide-and-Seek,malicious,CTU-IoT-Malware-Capture-1-1.conn.log.labeled,Malicious,,40790,23,,,1,0,60,0,0,tcp,,S0,S,1.0,0.0,1.0,0.0,,1,1.0,
CTU-Honeypot-Capture-5-1,Amazon-Echo,benign,CTU-Honeypot-Capture-5-1.conn.log.labeled,Benign,0.125901,62608,53,38.0,54.0,1,1,66,82,0,udp,dns,SF,Dd,1.0,1.0,0.0,92.0,0.6909090909090909,2,0.5,730.7270734380708
CTU-IoT-Malware-Capture-34-1,Mirai,malicious,CTU-IoT-Malware-Capture-34-1.conn.log.labeled,Malicious,,65279,80,,,0,0,0,0,0,tcp,,OTH,C,1.0,0.0,1.0,0.0,,0,0.0,
CTU-IoT-Malware-Capture-3-1,Muhstik,malicious,CTU-IoT-Malware-Capture-3-1.conn.log.labeled,Benign,0.000115,61530,22,0.0,1.0,1,1,52,52,0,tcp,,OTH,^aA,1.0,1.0,0.0,1.0,0.0,2,0.5,8620.689655172413
CTU-Honeypot-Capture-4-1,Philips-HUE,benign,CTU-Honeypot-Capture-4-1.conn.log.labeled,Benign,0.269845,35296,123,48.0,48.0,1,1,76,76,0,udp,,SF,Dd,1.0,0.0,1.0,96.0,0.9795918367346939,2,0.5,355.75846964564977
CTU-IoT-Malware-Capture-60-1,Gagfyt,malicious,CTU-IoT-Malware-Capture-60-1.conn.log.labeled,Benign,,62336,989,,,0,0,0,0,0,tcp,,OTH,^c,0.0,1.0,0.0,0.0,,0,0.0,
CTU-IoT-Malware-Capture-1-1,Hide-and-Seek,malicious,CTU-IoT-Malware-Capture-1-1.conn.log.labeled,Malicious,,41092,23,,,1,0,60,0,0,tcp,,S0,S,1.0,1.0,0.0,0.0,,1,1.0,
CTU-IoT-Malware-Capture-60-1,Gagfyt,malicious,CTU-IoT-Malware-Capture-60-1.conn.log.labeled,Benign,,62336,22,,,0,0,0,0,0,tcp,,OTH,^c,0.0,1.0,0.0,0.0,,0,0.0,
CTU-IoT-Malware-Capture-8-1,Hakai,malicious,CTU-IoT-Malware-Capture-8-1.conn.log.labeled,Benign,0.005744,123,123,48.0,48.0,1,1,76,76,0,udp,,SF,Dd,1.0,0.0,1.0,96.0,0.9795918367346939,2,0.5,16710.18276762402
CTU-IoT-Malware-Capture-3-1,Muhstik,malicious,CTU-IoT-Malware-Capture-3-1.conn.log.labeled,Malicious,4.988843,35752,22,589.0,2603.0,16,16,1429,3443,0,tcp,ssh,SF,ShAdDaFf,1.0,0.0,1.0,3192.0,0.2261904761904762,32,0.9411764705882353,639.8275833038675
CTU-IoT-Malware-Capture-1-1,Hide-and-Seek,malicious,CTU-IoT-Malware-Capture-1-1.conn.log.labeled,Benign,,43763,36530,,,1,0,40,0,0,udp,,S0,D,1.0,0.0,1.0,0.0,,1,1.0,
CTU-IoT-Malware-Capture-3-1,Muhstik,malicious,CTU-IoT-Malware-Capture-3-1.conn.log.labeled,Malicious,,32833,59353,,,1,0,60,0,0,tcp,,S0,S,1.0,0.0,1.0,0.0,,1,1.0,
CTU-IoT-Malware-Capture-60-1,Gagfyt,malicious,CTU-IoT-Malware-Capture-60-1.conn.log.labeled,Benign,,62336,53,,,0,0,0,0,0,tcp,,OTH,^c,0.0,1.0,0.0,0.0,,0,0.0,
CTU-IoT-Malware-Capture-34-1,Mirai,malicious,CTU-IoT-Malware-Capture-34-1.conn.log.labeled,Benign,0.026223,123,123,48.0,48.0,1,1,76,76,0,udp,,SF,Dd,1.0,0.0,1.0,96.0,0.9795918367346939,2,0.5,3660.7687614399024
CTU-IoT-Malware-Capture-3-1,Muhstik,malicious,CTU-IoT-Malware-Capture-3-1.conn.log.labeled,Benign,0.456787,58852,22,0.0,0.0,1,1,60,40,0,tcp,,REJ,Sr,1.0,0.0,1.0,0.0,0.0,2,0.5,0.0
CTU-IoT-Malware-Capture-1-1,Hide-and-Seek,malicious,CTU-IoT-Malware-Capture-1-1.conn.log.labeled,Malicious,,59041,8080,,,1,0,60,0,0,tcp,,S0,S,1.0,0.0,1.0,0.0,,1,1.0,
CTU-IoT-Malware-Capture-34-1,Mirai,malicious,CTU-IoT-Malware-Capture-34-1.conn.log.labeled,Benign,,123,123,,,1,0,76,0,0,udp,,S0,D,1.0,0.0,1.0,0.0,,1,1.0,
CTU-IoT-Malware-Capture-3-1,Muhstik,malicious,CTU-IoT-Malware-Capture-3-1.conn.log.labeled,Benign,,3,13,,,1,0,56,0,0,icmp,,OTH,,0.0,1.0,0.0,0.0,,1,1.0,
CTU-IoT-Malware-Capture-8-1,Hakai,malicious,CTU-IoT-Malware-Capture-8-1.conn.log.labeled,Malicious,3.142962,47308,50,0.0,0.0,3,0,180,0,0,tcp,,S0,S,1.0,0.0,1.0,0.0,0.0,3,3.0,0.0
CTU-IoT-Malware-Capture-3-1,Muhstik,malicious,CTU-IoT-Malware-Capture-3-1.conn.log.labeled,Benign,0.345101,32959,22,0.0,0.0,1,1,60,40,0,tcp,,REJ,Sr,1.0,0.0,1.0,0.0,0.0,2,0.5,0.0
CTU-IoT-Malware-Capture-60-1,Gagfyt,malicious,CTU-IoT-Malware-Capture-60-1.conn.log.labeled,Malicious,,14347,62336,,,0,0,0,0,0,tcp,,OTH,C,1.0,0.0,1.0,0.0,,0,0.0,
CTU-IoT-Malware-Capture-3-1,Muhstik,malicious,CTU-IoT-Malware-Capture-3-1.conn.log.labeled,Malicious,,60091,59353,,,1,0,60,0,0,tcp,,S0,S,1.0,0.0,1.0,0.0,,1,1.0,
CTU-IoT-Malware-Capture-20-1,Torii,malicious,CTU-IoT-Malware-Capture-20-1.conn.log.labeled,Benign,,123,123,,,1,0,76,0,0,udp,,S0,D,1.0,0.0,1.0,0.0,,1,1.0,
CTU-IoT-Malware-Capture-1-1,Hide-and-Seek,malicious,CTU-IoT-Malware-Capture-1-1.conn.log.labeled,Benign,,43763,1109,,,1,0,40,0,0,udp,,S0,D,1.0,0.0,1.0,0.0,,1,1.0,
CTU-IoT-Malware-Capture-34-1,Mirai,malicious,CTU-IoT-Malware-Capture-34-1.conn.log.labeled,Benign,0.018717,123,123,48.0,48.0,1,1,76,76,0,udp,,SF,Dd,1.0,0.0,1.0,96.0,0.9795918367346939,2,0.5,5128.753071909391
CTU-IoT-Malware-Capture-1-1,Hide-and-Seek,malicious,CTU-IoT-Malware-Capture-1-1.conn.log.labeled,Malicious,,37763,2323,,,1,0,60,0,0,tcp,,S0,S,1.0,0.0,1.0,0.0,,1,1.0,
CTU-IoT-Malware-Capture-20-1,Torii,malicious,CTU-IoT-Malware-Capture-20-1.conn.log.labeled,Benign,0.008244,123,123,48.0,48.0,1,1,76,76,0,udp,,SF,Dd,1.0,0.0,1.0,96.0,0.9795918367346939,2,0.5,11643.42025469982
CTU-Honeypot-Capture-5-1,Amazon-Echo,benign,CTU-Honeypot-Capture-5-1.conn.log.labeled,Benign,,136,135,,,1,0,72,0,0,icmp,,OTH,,1.0,1.0,0.0,0.0,,1,1.0,
CTU-IoT-Malware-Capture-34-1,Mirai,malicious,CTU-IoT-Malware-Capture-34-1.conn.log.labeled,Malicious,,65279,80,,,0,0,0,0,0,tcp,,OTH,C,1.0,0.0,1.0,0.0,,0,0.0,
CTU-IoT-Malware-Capture-8-1,Hakai,malicious,CTU-IoT-Malware-Capture-8-1.conn.log.labeled,Benign,0.004744,123,123,48.0,48.0,1,1,76,76,0,udp,,SF,Dd,1.0,0.0,1.0,96.0,0.9795918367346939,2,0.5,20231.822971548998
CTU-IoT-Malware-Capture-20-1,Torii,malicious,CTU-IoT-Malware-Capture-20-1.conn.log.labeled,Benign,,60398,53,,,1,0,67,0,0,udp,dns,S0,D,1.0,1.0,0.0,0.0,,1,1.0,
CTU-IoT-Malware-Capture-3-1,Muhstik,malicious,CTU-IoT-Malware-Capture-3-1.conn.log.labeled,Malicious,2.993827,36657,22,0.0,0.0,3,0,180,0,0,tcp,,S0,S,1.0,0.0,1.0,0.0,0.0,3,3.0,0.0
CTU-IoT-Malware-Capture-3-1,Muhstik,malicious,CTU-IoT-Malware-Capture-3-1.conn.log.labeled,Malicious,2.996522,37192,22,0.0,0.0,3,0,180,0,0,tcp,,S0,S,1.0,0.0,1.0,0.0,0.0,3,3.0,0.0
CTU-IoT-Malware-Capture-8-1,Hakai,malicious,CTU-IoT-Malware-Capture-8-1.conn.log.labeled,Malicious,,35572,50,,,1,0,60,0,0,tcp,,S0,S,1.0,0.0,1.0,0.0,,1,1.0,
CTU-IoT-Malware-Capture-3-1,Muhstik,malicious,CTU-IoT-Malware-Capture-3-1.conn.log.labeled,Benign,,11,0,,,1,0,96,0,0,icmp,,OTH,,0.0,1.0,0.0,0.0,,1,1.0,
CTU-IoT-Malware-Capture-1-1,Hide-and-Seek,malicious,CTU-IoT-Malware-Capture-1-1.conn.log.labeled,Malicious,2.998799,42198,9527,0.0,0.0,3,0,180,0,0,tcp,,S0,S,1.0,0.0,1.0,0.0,0.0,3,3.0,0.0
CTU-IoT-Malware-Capture-60-1,Gagfyt,malicious,CTU-IoT-Malware-Capture-60-1.conn.log.labeled,Benign,,62336,8000,,,0,0,0,0,0,tcp,,OTH,^c,0.0,1.0,0.0,0.0,,0,0.0,
CTU-IoT-Malware-Capture-34-1,Mirai,malicious,CTU-IoT-Malware-Capture-34-1.conn.log.labeled,Malicious,,65279,80,,,0,0,0,0,0,tcp,,OTH,C,1.0,0.0,1.0,0.0,,0,0.0,
CTU-IoT-Malware-Capture-60-1,Gagfyt,malicious,CTU-IoT-Malware-Capture-60-1.conn.log.labeled,Malicious,,23985,62336,,,0,0,0,0,0,tcp,,OTH,C,1.0,0.0,1.0,0.0,,0,0.0,
CTU-IoT-Malware-Capture-60-1,Gagfyt,malicious,CTU-IoT-Malware-Capture-60-1.conn.log.labeled,Malicious,,31894,62336,,,0,0,0,0,0,tcp,,OTH,C,1.0,0.0,1.0,0.0,,0,0.0,
CTU-IoT-Malware-Capture-60-1,Gagfyt,malicious,CTU-IoT-Malware-Capture-60-1.conn.log.labeled,Benign,,62336,88,,,0,0,0,0,0,tcp,,OTH,^c,0.0,1.0,0.0,0.0,,0,0.0,
CTU-IoT-Malware-Capture-60-1,Gagfyt,malicious,CTU-IoT-Malware-Capture-60-1.conn.log.labeled,Benign,,62336,502,,,0,0,0,0,0,tcp,,OTH,^c,0.0,1.0,0.0,0.0,,0,0.0,
CTU-IoT-Malware-Capture-60-1,Gagfyt,malicious,CTU-IoT-Malware-Capture-60-1.conn.log.labeled,Benign,,62336,6669,,,0,0,0,0,0,tcp,,OTH,^c,0.0,1.0,0.0,0.0,,0,0.0,
CTU-IoT-Malware-Capture-34-1,Mirai,malicious,CTU-IoT-Malware-Capture-34-1.conn.log.labeled,Malicious,,49036,6667,,,1,0,60,0,0,tcp,,S0,S,1.0,0.0,1.0,0.0,,1,1.0,
CTU-IoT-Malware-Capture-3-1,Muhstik,malicious,CTU-IoT-Malware-Capture-3-1.conn.log.labeled,Benign,0.178879,40466,22,0.0,0.0,1,1,60,40,0,tcp,,REJ,Sr,1.0,0.0,1.0,0.0,0.0,2,0.5,0.0
CTU-IoT-Malware-Capture-3-1,Muhstik,malicious,CTU-IoT-Malware-Capture-3-1.conn.log.labeled,Malicious,2.993881,47591,22,0.0,0.0,3,0,180,0,0,tcp,,S0,S,1.0,0.0,1.0,0.0,0.0,3,3.0,0.0
CTU-IoT-Malware-Capture-1-1,Hide-and-Seek,malicious,CTU-IoT-Malware-Capture-1-1.conn.log.labeled,Malicious,2.998797,34121,8080,0.0,0.0,3,0,180,0,0,tcp,,S0,S,1.0,0.0,1.0,0.0,0.0,3,3.0,0.0
CTU-IoT-Malware-Capture-3-1,Muhstik,malicious,CTU-IoT-Malware-Capture-3-1.conn.log.labeled,Malicious,,41037,22,,,1,0,60,0,0,tcp,,S0,S,1.0,0.0,1.0,0.0,,1,1.0,
CTU-IoT-Malware-Capture-60-1,Gagfyt,malicious,CTU-IoT-Malware-Capture-60-1.conn.log.labeled,Malicious,,56189,62336,,,0,0,0,0,0,tcp,,OTH,C,1.0,0.0,1.0,0.0,,0,0.0,
CTU-IoT-Malware-Capture-34-1,Mirai,malicious,CTU-IoT-Malware-Capture-34-1.conn.log.labeled,Malicious,,4722,63798,,,1,0,40,0,0,tcp,,S0,S,1.0,0.0,1.0,0.0,,1,1.0,
CTU-IoT-Malware-Capture-60-1,Gagfyt,malicious,CTU-IoT-Malware-Capture-60-1.conn.log.labeled,Malicious,,62234,62336,,,0,0,0,0,0,tcp,,OTH,C,1.0,0.0,1.0,0.0,,0,0.0,
CTU-IoT-Malware-Capture-8-1,Hakai,malicious,CTU-IoT-Malware-Capture-8-1.conn.log.labeled,Malicious,,45404,50,,,1,0,60,0,0,tcp,,S0,S,1.0,0.0,1.0,0.0,,1,1.0,
CTU-IoT-Malware-Capture-20-1,Torii,malicious,CTU-IoT-Malware-Capture-20-1.conn.log.labeled,Benign,2.502845,57084,53,76.0,0.0,2,0,132,0,0,udp,dns,S0,D,1.0,1.0,0.0,76.0,76.0,2,2.0,30.365431992220053
CTU-IoT-Malware-Capture-20-1,Torii,malicious,CTU-IoT-Malware-Capture-20-1.conn.log.labeled,Benign,0.007745,123,123,48.0,48.0,1,1,76,76,0,udp,,SF,Dd,1.0,0.0,1.0,96.0,0.9795918367346939,2,0.5,12393.493415956622
CTU-IoT-Malware-Capture-3-1,Muhstik,malicious,CTU-IoT-Malware-Capture-3-1.conn.log.labeled,Malicious,2.995002,47866,22,0.0,0.0,3,0,180,0,0,tcp,,S0,S,1.0,0.0,1.0,0.0,0.0,3,3.0,0.0
CTU-IoT-Malware-Capture-60-1,Gagfyt,malicious,CTU-IoT-Malware-Capture-60-1.conn.log.labeled,Malicious,,29460,62336,,,0,0,0,0,0,tcp,,OTH,C,1.0,0.0,1.0,0.0,,0,0.0,
CTU-IoT-Malware-Capture-8-1,Hakai,malicious,CTU-IoT-Malware-Capture-8-1.conn.log.labeled,Benign,0.001742,123,123,48.0,48.0,1,1,76,76,0,udp,,SF,Dd,1.0,0.0,1.0,96.0,0.9795918367346939,2,0.5,55077.45266781411
CTU-Honeypot-Capture-5-1,Amazon-Echo,benign,CTU-Honeypot-Capture-5-1.conn.log.labeled,Benign,0.016974,18170,53,43.0,111.0,1,1,71,139,0,udp,dns,SF,Dd,1.0,1.0,0.0,154.0,0.38392857142857145,2,0.5,9072.164948453608
CTU-IoT-Malware-Capture-8-1,Hakai,malicious,CTU-IoT-Malware-Capture-8-1.conn.log.labeled,Malicious,,45964,50,,,1,0,60,0,0,tcp,,S0,S,1.0,0.0,1.0,0.0,,1,1.0,
CTU-IoT-Malware-Capture-1-1,Hide-and-Seek,malicious,CTU-IoT-Malware-Capture-1-1.conn.log.labeled,Benign,,43763,57596,,,1,0,40,0,0,udp,,S0,D,1.0,0.0,1.0,0.0,,1,1.0,
CTU-IoT-Malware-Capture-8-1,Hakai,malicious,CTU-IoT-Malware-Capture-8-1.conn.log.labeled,Benign,0.001732,123,123,48.0,48.0,1,1,76,76,0,udp,,SF,Dd,1.0,0.0,1.0,96.0,0.9795918367346939,2,0.5,55395.26832083093
CTU-IoT-Malware-Capture-20-1,Torii,malicious,CTU-IoT-Malware-Capture-20-1.conn.log.labeled,Benign,0.002739,123,123,48.0,48.0,1,1,76,76,0,udp,,SF,Dd,1.0,0.0,1.0,96.0,0.9795918367346939,2,0.5,35036.49635036496
CTU-IoT-Malware-Capture-1-1,Hide-and-Seek,malicious,CTU-IoT-Malware-Capture-1-1.conn.log.labeled,Benign,3.124508,3,1,180.0,0.0,3,0,264,0,0,icmp,,OTH,,0.0,1.0,0.0,180.0,180.0,3,3.0,57.60905153417705
CTU-IoT-Malware-Capture-1-1,Hide-and-Seek,malicious,CTU-IoT-Malware-Capture-1-1.conn.log.labeled,Malicious,,54754,2323,,,1,0,60,0,0,tcp,,S0,S,1.0,0.0,1.0,0.0,,1,1.0,
CTU-IoT-Malware-Capture-34-1,Mirai,malicious,CTU-IoT-Malware-Capture-34-1.conn.log.labeled,Malicious,,65279,80,,,0,0,0,0,0,tcp,,OTH,C,1.0,0.0,1.0,0.0,,0,0.0,
CTU-IoT-Malware-Capture-1-1,Hide-and-Seek,malicious,CTU-IoT-Malware-Capture-1-1.conn.log.labeled,Malicious,2.999061,57291,23,0.0,0.0,3,0,180,0,0,tcp,,S0,S,1.0,0.0,1.0,0.0,0.0,3,3.0,0.0
CTU-IoT-Malware-Capture-1-1,Hide-and-Seek,malicious,CTU-IoT-Malware-Capture-1-1.conn.log.labeled,Benign,,43763,4618,,,1,0,40,0,0,udp,,S0,D,1.0,0.0,1.0,0.0,,1,1.0,
CTU-IoT-Malware-Capture-60-1,Gagfyt,malicious,CTU-IoT-Malware-Capture-60-1.conn.log.labeled,Malicious,,59153,62336,,,0,0,0,0,0,tcp,,OTH,C,1.0,0.0,1.0,0.0,,0,0.0,
CTU-IoT-Malware-Capture-34-1,Mirai,malicious,CTU-IoT-Malware-Capture-34-1.conn.log.labeled,Benign,,123,123,,,1,0,76,0,0,udp,,S0,D,1.0,0.0,1.0,0.0,,1,1.0,
CTU-IoT-Malware-Capture-60-1,Gagfyt,malicious,CTU-IoT-Malware-Capture-60-1.conn.log.labeled,Benign,,62336,6669,,,0,0,0,0,0,tcp,,OTH,^c,0.0,1.0,0.0,0.0,,0,0.0,
CTU-IoT-Malware-Capture-8-1,Hakai,malicious,CTU-IoT-Malware-Capture-8-1.conn.log.labeled,Benign,0.001738,123,123,48.0,48.0,1,1,76,76,0,udp,,SF,Dd,1.0,0.0,1.0,96.0,0.9795918367346939,2,0.5,55204.1403105233
CTU-IoT-Malware-Capture-34-1,Mirai,malicious,CTU-IoT-Malware-Capture-34-1.conn.log.labeled,Malicious,,65279,80,,,0,0,0,0,0,tcp,,OTH,C,1.0,0.0,1.0,0.0,,0,0.0,
CTU-IoT-Malware-Capture-20-1,Torii,malicious,CTU-IoT-Malware-Capture-20-1.conn.log.labeled,Benign,0.000482,50173,53,45.0,45.0,1,1,73,73,0,udp,dns,SF,Dd,1.0,1.0,0.0,90.0,0.9782608695652174,2,0.5,186335.40372670806
CTU-IoT-Malware-Capture-20-1,Torii,malicious,CTU-IoT-Malware-Capture-20-1.conn.log.labeled,Benign,0.076954,123,123,48.0,48.0,1,1,76,76,0,udp,,SF,Dd,1.0,0.0,1.0,96.0,0.9795918367346939,2,0.5,1247.4822948476383
CTU-IoT-Malware-Capture-3-1,Muhstik,malicious,CTU-IoT-Malware-Capture-3-1.conn.log.labeled,Malicious,2.903907,35227,22,589.0,2583.0,14,16,1325,3423,0,tcp,ssh,SF,ShAdDaFf,1.0,0.0,1.0,3172.0,0.22794117647058823,30,0.8235294117647058,1092.3211065915311
CTU-IoT-Malware-Capture-60-1,Gagfyt,malicious,CTU-IoT-Malware-Capture-60-1.conn.log.labeled,Benign,,62336,22,,,0,0,0,0,0,tcp,,OTH,^c,0.0,1.0,0.0,0.0,,0,0.0,
CTU-IoT-Malware-Capture-1-1,Hide-and-Seek,malicious,CTU-IoT-Malware-Capture-1-1.conn.log.labeled,Malicious,,45599,8080,,,1,0,60,0,0,tcp,,S0,S,1.0,0.0,1.0,0.0,,1,1.0,
CTU-IoT-Malware-Capture-8-1,Hakai,malicious,CTU-IoT-Malware-Capture-8-1.conn.log.labeled,Malicious,,45532,50,,,1,0,60,0,0,tcp,,S0,S,1.0,0.0,1.0,0.0,,1,1.0,
CTU-IoT-Malware-Capture-3-1,Muhstik,malicious,CTU-IoT-Malware-Capture-3-1.conn.log.labeled,Malicious,,52227,22,,,1,0,60,0,0,tcp,,S0,S,1.0,0.0,1.0,0.0,,1,1.0,
CTU-IoT-Malware-Capture-20-1,Torii,malicious,CTU-IoT-Malware-Capture-20-1.conn.log.labeled,Benign,0.055968,123,123,48.0,48.0,1,1,76,76,0,udp,,SF,Dd,1.0,0.0,1.0,96.0,0.9795918367346939,2,0.5,1715.2352194965072
CTU-IoT-Malware-Capture-1-1,Hide-and-Seek,malicious,CTU-IoT-Malware-Capture-1-1.conn.log.labeled,Benign,,43763,15893,,,1,0,40,0,0,udp,,S0,D,1.0,0.0,1.0,0.0,,1,1.0,
CTU-IoT-Malware-Capture-3-1,Muhstik,malicious,CTU-IoT-Malware-Capture-3-1.conn.log.labeled,Benign,0.009941,123,123,48.0,48.0,1,1,76,76,0,udp,,SF,Dd,1.0,0.0,1.0,96.0,0.9795918367346939,2,0.5,9656.004828002415
CTU-IoT-Malware-Capture-3-1,Muhstik,malicious,CTU-IoT-Malware-Capture-3-1.conn.log.labeled,Benign,0.108048,123,123,48.0,48.0,1,1,76,76,0,udp,,SF,Dd,1.0,0.0,1.0,96.0,0.9795918367346939,2,0.5,888.4857795999962
CTU-IoT-Malware-Capture-34-1,Mirai,malicious,CTU-IoT-Malware-Capture-34-1.conn.log.labeled,Malicious,,56390,6667,,,1,0,60,0,0,tcp,,S0,S,1.0,0.0,1.0,0.0,,1,1.0,
CTU-IoT-Malware-Capture-1-1,Hide-and-Seek,malicious,CTU-IoT-Malware-Capture-1-1.conn.log.labeled,Benign,,43763,48944,,,1,0,40,0,0,udp,,S0,D,1.0,0.0,1.0,0.0,,1,1.0,
CTU-IoT-Malware-Capture-34-1,Mirai,malicious,CTU-IoT-Malware-Capture-34-1.conn.log.labeled,Benign,5.004384,54535,53,78.0,0.0,2,0,134,0,0,udp,dns,S0,D,1.0,1.0,0.0,78.0,78.0,2,2.0,15.586330787899012
CTU-IoT-Malware-Capture-1-1,Hide-and-Seek,malicious,CTU-IoT-Malware-Capture-1-1.conn.log.labeled,Benign,,43763,7215,,,1,0,40,0,0,udp,,S0,D,1.0,0.0,1.0,0.0,,1,1.0,
CTU-IoT-Malware-Capture-60-1,Gagfyt,malicious,CTU-IoT-Malware-Capture-60-1.conn.log.labeled,Malicious,,29335,62336,,,0,0,0,0,0,tcp,,OTH,C,1.0,0.0,1.0,0.0,,0,0.0,
CTU-IoT-Malware-Capture-60-1,Gagfyt,malicious,CTU-IoT-Malware-Capture-60-1.conn.log.labeled,Malicious,,37085,62336,,,0,0,0,0,0,tcp,,OTH,C,1.0,0.0,1.0,0.0,,0,0.0,
CTU-IoT-Malware-Capture-20-1,Torii,malicious,CTU-IoT-Malware-Capture-20-1.conn.log.labeled,Benign,5.005137,40547,53,78.0,0.0,2,0,134,0,0,udp,dns,S0,D,1.0,1.0,0.0,78.0,78.0,2,2.0,15.583985896093173
CTU-IoT-Malware-Capture-8-1,Hakai,malicious,CTU-IoT-Malware-Capture-8-1.conn.log.labeled,Benign,0.00173,123,123,48.0,48.0,1,1,76,76,0,udp,,SF,Dd,1.0,0.0,1.0,96.0,0.9795918367346939,2,0.5,55459.27209705373
CTU-Honeypot-Capture-4-1,Philips-HUE,benign,CTU-Honeypot-Capture-4-1.conn.log.labeled,Benign,0.003497,53396,443,0.0,0.0,4,2,172,92,0,tcp,,SF,ShAFf,1.0,0.0,1.0,0.0,0.0,6,1.3333333333333333,0.0
CTU-IoT-Malware-Capture-34-1,Mirai,malicious,CTU-IoT-Malware-Capture-34-1.conn.log.labeled,Benign,0.002245,123,123,48.0,48.0,1,1,76,76,0,udp,,SF,Dd,1.0,0.0,1.0,96.0,0.9795918367346939,2,0.5,42742.6536064114
CTU-IoT-Malware-Capture-3-1,Muhstik,malicious,CTU-IoT-Malware-Capture-3-1.conn.log.labeled,Benign,0.255982,44080,22,0.0,0.0,1,1,60,40,0,tcp,,REJ,Sr,1.0,0.0,1.0,0.0,0.0,2,0.5,0.0
CTU-IoT-Malware-Capture-8-1,Hakai,malicious,CTU-IoT-Malware-Capture-8-1.conn.log.labeled,Malicious,3.154447,44488,50,0.0,0.0,3,0,180,0,0,tcp,,S0,S,1.0,0.0,1.0,0.0,0.0,3,3.0,0.0
CTU-IoT-Malware-Capture-1-1,Hide-and-Seek,malicious,CTU-IoT-Malware-Capture-1-1.conn.log.labeled,Benign,,43763,52411,,,1,0,40,0,0,udp,,S0,D,1.0,0.0,1.0,0.0,,1,1.0,
CTU-Honeypot-Capture-5-1,Amazon-Echo,benign,CTU-Honeypot-Capture-5-1.conn.log.labeled,Benign,,5353,5353,,,1,0,103,0,0,udp,dns,S0,D,1.0,0.0,1.0,0.0,,1,1.0,
CTU-IoT-Malware-Capture-1-1,Hide-and-Seek,malicious,CTU-IoT-Malware-Capture-1-1.conn.log.labeled,Malicious,,47887,8080,,,1,0,60,0,0,tcp,,S0,S,1.0,0.0,1.0,0.0,,1,1.0,
CTU-IoT-Malware-Capture-20-1,Torii,malicious,CTU-IoT-Malware-Capture-20-1.conn.log.labeled,Benign,0.005737,123,123,48.0,48.0,1,1,76,76,0,udp,,SF,Dd,1.0,0.0,1.0,96.0,0.9795918367346939,2,0.5,16730.568142209828
CTU-Honeypot-Capture-5-1,Amazon-Echo,benign,CTU-Honeypot-Capture-5-1.conn.log.labeled,Benign,7.013786,5353,5353,1087.0,0.0,6,0,1255,0,0,udp,dns,S0,D,1.0,0.0,1.0,1087.0,1087.0,6,6.0,154.98046918162757
CTU-IoT-Malware-Capture-8-1,Hakai,malicious,CTU-IoT-Malware-Capture-8-1.conn.log.labeled,Malicious,,46620,50,,,1,0,60,0,0,tcp,,S0,S,1.0,0.0,1.0,0.0,,1,1.0,
CTU-IoT-Malware-Capture-8-1,Hakai,malicious,CTU-IoT-Malware-Capture-8-1.conn.log.labeled,Benign,0.001731,123,123,48.0,48.0,1,1,76,76,0,udp,,SF,Dd,1.0,0.0,1.0,96.0,0.9795918367346939,2,0.5,55427.25173210162
CTU-IoT-Malware-Capture-60-1,Gagfyt,malicious,CTU-IoT-Malware-Capture-60-1.conn.log.labeled,Benign,3e-06,123,123,96.0,0.0,2,0,152,0,0,udp,,S0,D,1.0,0.0,1.0,96.0,96.0,2,2.0,24000000.0
CTU-IoT-Malware-Capture-1-1,Hide-and-Seek,malicious,CTU-IoT-Malware-Capture-1-1.conn.log.labeled,Malicious,,56732,23,,,1,0,60,0,0,tcp,,S0,S,1.0,0.0,1.0,0.0,,1,1.0,
CTU-IoT-Malware-Capture-34-1,Mirai,malicious,CTU-IoT-Malware-Capture-34-1.conn.log.labeled,Malicious,3.157952,50492,6667,0.0,0.0,3,0,180,0,0,tcp,,S0,S,1.0,0.0,1.0,0.0,0.0,3,3.0,0.0
CTU-IoT-Malware-Capture-3-1,Muhstik,malicious,CTU-IoT-Malware-Capture-3-1.conn.log.labeled,Malicious,,36976,22,,,1,0,60,0,0,tcp,,S0,S,1.0,0.0,1.0,0.0,,1,1.0,
CTU-IoT-Malware-Capture-3-1,Muhstik,malicious,CTU-IoT-Malware-Capture-3-1.conn.log.labeled,Benign,0.348409,47556,22,0.0,0.0,1,1,60,40,0,tcp,,REJ,Sr,1.0,0.0,1.0,0.0,0.0,2,0.5,0.0
CTU-IoT-Malware-Capture-8-1,Hakai,malicious,CTU-IoT-Malware-Capture-8-1.conn.log.labeled,Benign,0.001993,123,123,48.0,48.0,1,1,76,76,0,udp,,SF,Dd,1.0,0.0,1.0,96.0,0.9795918367346939,2,0.5,48144.4332998997
CTU-IoT-Malware-Capture-3-1,Muhstik,malicious,CTU-IoT-Malware-Capture-3-1.conn.log.labeled,Benign,0.322843,47546,22,0.0,0.0,1,1,60,40,0,tcp,,REJ,Sr,1.0,0.0,1.0,0.0,0.0,2,0.5,0.0
CTU-IoT-Malware-Capture-8-1,Hakai,malicious,CTU-IoT-Malware-Capture-8-1.conn.log.labeled,Benign,0.001743,123,123,48.0,48.0,1,1,76,76,0,udp,,SF,Dd,1.0,0.0,1.0,96.0,0.9795918367346939,2,0.5,55045.87155963303
CTU-IoT-Malware-Capture-3-1,Muhstik,malicious,CTU-IoT-Malware-Capture-3-1.conn.log.labeled,Benign,0.013469,123,123,48.0,48.0,1,1,76,76,0,udp,,SF,Dd,1.0,0.0,1.0,96.0,0.9795918367346939,2,0.5,7126.94877505568
CTU-IoT-Malware-Capture-20-1,Torii,malicious,CTU-IoT-Malware-Capture-20-1.conn.log.labeled,Benign,0.087952,57563,53,45.0,45.0,1,1,73,73,0,udp,dns,SF,Dd,1.0,1.0,0.0,90.0,0.9782608695652174,2,0.5,1023.2737939581367
CTU-IoT-Malware-Capture-20-1,Torii,malicious,CTU-IoT-Malware-Capture-20-1.conn.log.labeled,Benign,,123,123,,,1,0,76,0,0,udp,,S0,D,1.0,0.0,1.0,0.0,,1,1.0,
CTU-IoT-Malware-Capture-3-1,Muhstik,malicious,CTU-IoT-Malware-Capture-3-1.conn.log.labeled,Malicious,2.999625,46886,22,0.0,0.0,3,0,180,0,0,tcp,,S0,S,1.0,0.0,1.0,0.0,0.0,3,3.0,0.0
CTU-IoT-Malware-Capture-1-1,Hide-and-Seek,malicious,CTU-IoT-Malware-Capture-1-1.conn.log.labeled,Benign,,43763,58944,,,1,0,40,0,0,udp,,S0,D,1.0,0.0,1.0,0.0,,1,1.0,
CTU-IoT-Malware-Capture-20-1,Torii,malicious,CTU-IoT-Malware-Capture-20-1.conn.log.labeled,Benign,,123,123,,,1,0,76,0,0,udp,,S0,D,1.0,0.0,1.0,0.0,,1,1.0,
CTU-IoT-Malware-Capture-1-1,Hide-and-Seek,malicious,CTU-IoT-Malware-Capture-1-1.conn.log.labeled,Benign,,43763,1126,,,1,0,40,0,0,udp,,S0,D,1.0,0.0,1.0,0.0,,1,1.0,
CTU-IoT-Malware-Capture-20-1,Torii,malicious,CTU-IoT-Malware-Capture-20-1.conn.log.labeled,Benign,0.005236,123,123,48.0,48.0,1,1,76,76,0,udp,,SF,Dd,1.0,0.0,1.0,96.0,0.9795918367346939,2,0.5,18331.105594806184
CTU-IoT-Malware-Capture-20-1,Torii,malicious,CTU-IoT-Malware-Capture-20-1.conn.log.labeled,Benign,0.178151,46756,53,45.0,45.0,1,1,73,73,0,udp,dns,SF,Dd,1.0,1.0,0.0,90.0,0.9782608695652174,2,0.5,505.1865822443756
CTU-IoT-Malware-Capture-34-1,Mirai,malicious,CTU-IoT-Malware-Capture-34-1.conn.log.labeled,Benign,0.038716,123,123,48.0,48.0,1,1,76,76,0,udp,,SF,Dd,1.0,0.0,1.0,96.0,0.9795918367346939,2,0.5,2479.530955394271
CTU-IoT-Malware-Capture-1-1,Hide-and-Seek,malicious,CTU-IoT-Malware-Capture-1-1.conn.log.labeled,Benign,2.998843,42390,19283,0.0,0.0,3,0,180,0,0,tcp,,S0,S,1.0,0.0,1.0,0.0,0.0,3,3.0,0.0
CTU-IoT-Malware-Capture-3-1,Muhstik,malicious,CTU-IoT-Malware-Capture-3-1.conn.log.labeled,Malicious,,35379,22,,,1,0,60,0,0,tcp,,S0,S,1.0,0.0,1.0,0.0,,1,1.0,
CTU-Honeypot-Capture-5-1,Amazon-Echo,benign,CTU-Honeypot-Capture-5-1.conn.log.labeled,Benign,0.010418,37633,53,47.0,111.0,1,1,75,139,0,udp,dns,SF,Dd,1.0,1.0,0.0,158.0,0.41964285714285715,2,0.5,15164.603128899127
CTU-IoT-Malware-Capture-20-1,Torii,malicious,CTU-IoT-Malware-Capture-20-1.conn.log.labeled,Benign,,123,123,,,1,0,76,0,0,udp,,S0,D,1.0,0.0,1.0,0.0,,1,1.0,
CTU-IoT-Malware-Capture-34-1,Mirai,malicious,CTU-IoT-Malware-Capture-34-1.conn.log.labeled,Malicious,32.840457,53496,6667,62.0,260.0,9,8,550,684,0,tcp,irc,S3,ShAdDaf,1.0,0.0,1.0,322.0,0.23754789272030652,17,1.0,9.804978968320114
CTU-IoT-Malware-Capture-3-1,Muhstik,malicious,CTU-IoT-Malware-Capture-3-1.conn.log.labeled,Benign,0.245765,53654,22,0.0,0.0,1,1,60,40,0,tcp,,REJ,Sr,1.0,0.0,1.0,0.0,0.0,2,0.5,0.0
CTU-IoT-Malware-Capture-34-1,Mirai,malicious,CTU-IoT-Malware-Capture-34-1.conn.log.labeled,Malicious,,65279,80,,,0,0,0,0,0,tcp,,OTH,C,1.0,0.0,1.0,0.0,,0,0.0,
CTU-IoT-Malware-Capture-1-1,Hide-and-Seek,malicious,CTU-IoT-Malware-Capture-1-1.conn.log.labeled,Benign,,43763,44404,,,1,0,40,0,0,udp,,S0,D,1.0,0.0,1.0,0.0,,1,1.0,
CTU-Honeypot-Capture-5-1,Amazon-Echo,benign,CTU-Honeypot-Capture-5-1.conn.log.labeled,Benign,,60226,80,,,1,0,40,0,0,tcp,,SH,F,1.0,0.0,1.0,0.0,,1,1.0,
CTU-IoT-Malware-Capture-60-1,Gagfyt,malicious,CTU-IoT-Malware-Capture-60-1.conn.log.labeled,Benign,0.005249,123,123,96.0,96.0,2,2,152,152,0,udp,,SF,Dd,1.0,0.0,1.0,192.0,0.9896907216494846,4,0.6666666666666666,36571.42857142857
CTU-IoT-Malware-Capture-3-1,Muhstik,malicious,CTU-IoT-Malware-Capture-3-1.conn.log.labeled,Malicious,,51445,22,,,1,0,60,0,0,tcp,,S0,S,1.0,0.0,1.0,0.0,,1,1.0,
CTU-IoT-Malware-Capture-3-1,Muhstik,malicious,CTU-IoT-Malware-Capture-3-1.conn.log.labeled,Benign,0.37733,51134,22,0.0,0.0,1,1,60,40,0,tcp,,REJ,Sr,1.0,0.0,1.0,0.0,0.0,2,0.5,0.0
CTU-IoT-Malware-Capture-1-1,Hide-and-Seek,malicious,CTU-IoT-Malware-Capture-1-1.conn.log.labeled,Malicious,,53659,8080,,,1,0,60,0,0,tcp,,S0,S,1.0,0.0,1.0,0.0,,1,1.0,
CTU-IoT-Malware-Capture-3-1,Muhstik,malicious,CTU-IoT-Malware-Capture-3-1.conn.log.labeled,Benign,0.38658,52247,22,0.0,0.0,1,1,60,40,0,tcp,,REJ,Sr,1.0,0.0,1.0,0.0,0.0,2,0.5,0.0
CTU-IoT-Malware-Capture-3-1,Muhstik,malicious,CTU-IoT-Malware-Capture-3-1.conn.log.labeled,Benign,0.38243,40661,22,0.0,0.0,1,1,60,40,0,tcp,,REJ,Sr,1.0,0.0,1.0,0.0,0.0,2,0.5,0.0
CTU-IoT-Malware-Capture-1-1,Hide-and-Seek,malicious,CTU-IoT-Malware-Capture-1-1.conn.log.labeled,Malicious,2.998824,36181,23,0.0,0.0,3,0,180,0,0,tcp,,S0,S,1.0,0.0,1.0,0.0,0.0,3,3.0,0.0
CTU-IoT-Malware-Capture-3-1,Muhstik,malicious,CTU-IoT-Malware-Capture-3-1.conn.log.labeled,Malicious,,39333,22,,,1,0,60,0,0,tcp,,S0,S,1.0,0.0,1.0,0.0,,1,1.0,
CTU-IoT-Malware-Capture-8-1,Hakai,malicious,CTU-IoT-Malware-Capture-8-1.conn.log.labeled,Benign,0.00198,123,123,48.0,48.0,1,1,76,76,0,udp,,SF,Dd,1.0,0.0,1.0,96.0,0.9795918367346939,2,0.5,48460.37354871277
CTU-IoT-Malware-Capture-60-1,Gagfyt,malicious,CTU-IoT-Malware-Capture-60-1.conn.log.labeled,Benign,0.007481,123,123,96.0,96.0,2,2,152,152,0,udp,,SF,Dd,1.0,0.0,1.0,192.0,0.9896907216494846,4,0.6666666666666666,25661.58781074579
CTU-IoT-Malware-Capture-60-1,Gagfyt,malicious,CTU-IoT-Malware-Capture-60-1.conn.log.labeled,Benign,,62336,992,,,0,0,0,0,0,tcp,,OTH,^c,0.0,1.0,0.0,0.0,,0,0.0,
CTU-IoT-Malware-Capture-8-1,Hakai,malicious,CTU-IoT-Malware-Capture-8-1.conn.log.labeled,Malicious,3.108722,45304,50,0.0,0.0,3,0,180,0,0,tcp,,S0,S,1.0,0.0,1.0,0.0,0.0,3,3.0,0.0
CTU-IoT-Malware-Capture-34-1,Mirai,malicious,CTU-IoT-Malware-Capture-34-1.conn.log.labeled,Malicious,3.090759,55524,6667,0.0,0.0,3,0,180,0,0,tcp,,S0,S,1.0,0.0,1.0,0.0,0.0,3,3.0,0.0
CTU-IoT-Malware-Capture-34-1,Mirai,malicious,CTU-IoT-Malware-Capture-34-1.conn.log.labeled,Benign,,123,123,,,1,0,76,0,0,udp,,S0,D,1.0,0.0,1.0,0.0,,1,1.0,
CTU-IoT-Malware-Capture-34-1,Mirai,malicious,CTU-IoT-Malware-Capture-34-1.conn.log.labeled,Malicious,,65279,80,,,0,0,0,0,0,tcp,,OTH,C,1.0,0.0,1.0,0.0,,0,0.0,
CTU-IoT-Malware-Capture-3-1,Muhstik,malicious,CTU-IoT-Malware-Capture-3-1.conn.log.labeled,Malicious,,54724,22,,,1,0,60,0,0,tcp,,S0,S,1.0,0.0,1.0,0.0,,1,1.0,
CTU-IoT-Malware-Capture-1-1,Hide-and-Seek,malicious,CTU-IoT-Malware-Capture-1-1.conn.log.labeled,Malicious,,53225,23,,,1,0,60,0,0,tcp,,S0,S,1.0,0.0,1.0,0.0,,1,1.0,
CTU-IoT-Malware-Capture-34-1,Mirai,malicious,CTU-IoT-Malware-Capture-34-1.conn.log.labeled,Benign,,123,123,,,1,0,76,0,0,udp,,S0,D,1.0,0.0,1.0,0.0,,1,1.0,
CTU-IoT-Malware-Capture-8-1,Hakai,malicious,CTU-IoT-Malware-Capture-8-1.conn.log.labeled,Benign,0.004742,123,123,48.0,48.0,1,1,76,76,0,udp,,SF,Dd,1.0,0.0,1.0,96.0,0.9795918367346939,2,0.5,20240.354206198608
CTU-IoT-Malware-Capture-8-1,Hakai,malicious,CTU-IoT-Malware-Capture-8-1.conn.log.labeled,Malicious,,46336,50,,,1,0,60,0,0,tcp,,S0,S,1.0,0.0,1.0,0.0,,1,1.0,
CTU-Honeypot-Capture-5-1,Amazon-Echo,benign,CTU-Honeypot-Capture-5-1.conn.log.labeled,Benign,0.241876,40645,80,0.0,0.0,4,2,216,112,0,tcp,,SF,ShAFf,1.0,0.0,1.0,0.0,0.0,6,1.3333333333333333,0.0
CTU-IoT-Malware-Capture-60-1,Gagfyt,malicious,CTU-IoT-Malware-Capture-60-1.conn.log.labeled,Benign,,62336,563,,,0,0,0,0,0,tcp,,OTH,^c,0.0,1.0,0.0,0.0,,0,0.0,
CTU-IoT-Malware-Capture-60-1,Gagfyt,malicious,CTU-IoT-Malware-Capture-60-1.conn.log.labeled,Malicious,,34257,62336,,,0,0,0,0,0,tcp,,OTH,C,1.0,0.0,1.0,0.0,,0,0.0,
CTU-IoT-Malware-Capture-20-1,Torii,malicious,CTU-IoT-Malware-Capture-20-1.conn.log.labeled,Benign,0.002745,123,123,48.0,48.0,1,1,76,76,0,udp,,SF,Dd,1.0,0.0,1.0,96.0,0.9795918367346939,2,0.5,34959.941733430445
CTU-IoT-Malware-Capture-8-1,Hakai,malicious,CTU-IoT-Malware-Capture-8-1.conn.log.labeled,Malicious,3.106743,43908,50,0.0,0.0,3,0,180,0,0,tcp,,S0,S,1.0,0.0,1.0,0.0,0.0,3,3.0,0.0
CTU-IoT-Malware-Capture-20-1,Torii,malicious,CTU-IoT-Malware-Capture-20-1.conn.log.labeled,Benign,,123,123,,,1,0,76,0,0,udp,,S0,D,1.0,0.0,1.0,0.0,,1,1.0,
CTU-IoT-Malware-Capture-1-1,Hide-and-Seek,malicious,CTU-IoT-Malware-Capture-1-1.conn.log.labeled,Malicious,,39642,23,,,1,0,60,0,0,tcp,,S0,S,1.0,0.0,1.0,0.0,,1,1.0,
CTU-Honeypot-Capture-5-1,Amazon-Echo,benign,CTU-Honeypot-Capture-5-1.conn.log.labeled,Benign,0.01082,14337,53,43.0,111.0,1,1,71,139,0,udp,dns,SF,Dd,1.0,1.0,0.0,154.0,0.38392857142857145,2,0.5,14231.58672950744
CTU-IoT-Malware-Capture-8-1,Hakai,malicious,CTU-IoT-Malware-Capture-8-1.conn.log.labeled,Malicious,3.128215,45280,50,0.0,0.0,3,0,180,0,0,tcp,,S0,S,1.0,0.0,1.0,0.0,0.0,3,3.0,0.0
CTU-IoT-Malware-Capture-3-1,Muhstik,malicious,CTU-IoT-Malware-Capture-3-1.conn.log.labeled,Malicious,2.99974,56768,22,0.0,0.0,3,0,180,0,0,tcp,,S0,S,1.0,0.0,1.0,0.0,0.0,3,3.0,0.0
CTU-IoT-Malware-Capture-34-1,Mirai,malicious,CTU-IoT-Malware-Capture-34-1.conn.log.labeled,Benign,0.047978,123,123,48.0,48.0,1,1,76,76,0,udp,,SF,Dd,1.0,0.0,1.0,96.0,0.9795918367346939,2,0.5,2000.8753829800537
CTU-IoT-Malware-Capture-34-1,Mirai,malicious,CTU-IoT-Malware-Capture-34-1.conn.log.labeled,Malicious,,65279,80,,,0,0,0,0,0,tcp,,OTH,C,1.0,0.0,1.0,0.0,,0,0.0,
CTU-IoT-Malware-Capture-8-1,Hakai,malicious,CTU-IoT-Malware-Capture-8-1.conn.log.labeled,Malicious,,43728,50,,,1,0,60,0,0,tcp,,S0,S,1.0,0.0,1.0,0.0,,1,1.0,
CTU-IoT-Malware-Capture-3-1,Muhstik,malicious,CTU-IoT-Malware-Capture-3-1.conn.log.labeled,Malicious,,41338,22,,,1,0,60,0,0,tcp,,S0,S,1.0,0.0,1.0,0.0,,1,1.0,
CTU-IoT-Malware-Capture-1-1,Hide-and-Seek,malicious,CTU-IoT-Malware-Capture-1-1.conn.log.labeled,Benign,,43763,27758,,,1,0,40,0,0,udp,,S0,D,1.0,0.0,1.0,0.0,,1,1.0,
CTU-IoT-Malware-Capture-3-1,Muhstik,malicious,CTU-IoT-Malware-Capture-3-1.conn.log.labeled,Benign,0.061762,33466,22,0.0,0.0,1,1,60,40,0,tcp,,REJ,Sr,1.0,0.0,1.0,0.0,0.0,2,0.5,0.0
CTU-IoT-Malware-Capture-1-1,Hide-and-Seek,malicious,CTU-IoT-Malware-Capture-1-1.conn.log.labeled,Benign,,43763,54550,,,1,0,40,0,0,udp,,S0,D,1.0,0.0,1.0,0.0,,1,1.0,
CTU-IoT-Malware-Capture-3-1,Muhstik,malicious,CTU-IoT-Malware-Capture-3-1.conn.log.labeled,Malicious,,44790,59353,,,1,0,60,0,0,tcp,,S0,S,1.0,0.0,1.0,0.0,,1,1.0,
CTU-IoT-Malware-Capture-8-1,Hakai,malicious,CTU-IoT-Malware-Capture-8-1.conn.log.labeled,Malicious,,47324,50,,,1,0,60,0,0,tcp,,S0,S,1.0,0.0,1.0,0.0,,1,1.0,
CTU-IoT-Malware-Capture-1-1,Hide-and-Seek,malicious,CTU-IoT-Malware-Capture-1-1.conn.log.labeled,Malicious,2.999063,56260,23,0.0,0.0,3,0,180,0,0,tcp,,S0,S,1.0,0.0,1.0,0.0,0.0,3,3.0,0.0
CTU-IoT-Malware-Capture-60-1,Gagfyt,malicious,CTU-IoT-Malware-Capture-60-1.conn.log.labeled,Benign,,62336,3389,,,0,0,0,0,0,tcp,,OTH,^c,0.0,1.0,0.0,0.0,,0,0.0,
CTU-IoT-Malware-Capture-1-1,Hide-and-Seek,malicious,CTU-IoT-Malware-Capture-1-1.conn.log.labeled,Malicious,17.521003,53328,23,26.0,57.0,9,11,406,501,0,tcp,,RSTR,ShAdDaFr,1.0,0.0,1.0,83.0,0.4482758620689655,20,0.75,4.7371714543299
CTU-IoT-Malware-Capture-1-1,Hide-and-Seek,malicious,CTU-IoT-Malware-Capture-1-1.conn.log.labeled,Benign,,43763,12402,,,1,0,40,0,0,udp,,S0,D,1.0,0.0,1.0,0.0,,1,1.0,
CTU-IoT-Malware-Capture-20-1,Torii,malicious,CTU-IoT-Malware-Capture-20-1.conn.log.labeled,Benign,0.003482,123,123,48.0,48.0,1,1,76,76,0,udp,,SF,Dd,1.0,0.0,1.0,96.0,0.9795918367346939,2,0.5,27562.44616709733
CTU-IoT-Malware-Capture-3-1,Muhstik,malicious,CTU-IoT-Malware-Capture-3-1.conn.log.labeled,Benign,,11,0,,,1,0,56,0,0,icmp,,OTH,,0.0,1.0,0.0,0.0,,1,1.0,
CTU-IoT-Malware-Capture-60-1,Gagfyt,malicious,CTU-IoT-Malware-Capture-60-1.conn.log.labeled,Malicious,,41701,62336,,,0,0,0,0,0,tcp,,OTH,C,1.0,0.0,1.0,0.0,,0,0.0,
CTU-IoT-Malware-Capture-8-1,Hakai,malicious,CTU-IoT-Malware-Capture-8-1.conn.log.labeled,Malicious,3.099487,37052,50,0.0,0.0,3,0,180,0,0,tcp,,S0,S,1.0,0.0,1.0,0.0,0.0,3,3.0,0.0
CTU-IoT-Malware-Capture-8-1,Hakai,malicious,CTU-IoT-Malware-Capture-8-1.conn.log.labeled,Benign,0.001732,123,123,48.0,48.0,1,1,76,76,0,udp,,SF,Dd,1.0,0.0,1.0,96.0,0.9795918367346939,2,0.5,55395.26832083093
CTU-IoT-Malware-Capture-8-1,Hakai,malicious,CTU-IoT-Malware-Capture-8-1.conn.log.labeled,Benign,0.001497,123,123,48.0,48.0,1,1,76,76,0,udp,,SF,Dd,1.0,0.0,1.0,96.0,0.9795918367346939,2,0.5,64085.447263017355
CTU-IoT-Malware-Capture-20-1,Torii,malicious,CTU-IoT-Malware-Capture-20-1.conn.log.labeled,Benign,,54322,53,,,1,0,67,0,0,udp,dns,S0,D,1.0,0.0,1.0,0.0,,1,1.0,
CTU-IoT-Malware-Capture-60-1,Gagfyt,malicious,CTU-IoT-Malware-Capture-60-1.conn.log.labeled,Malicious,,10933,62336,,,0,0,0,0,0,tcp,,OTH,C,1.0,0.0,1.0,0.0,,0,0.0,
CTU-IoT-Malware-Capture-3-1,Muhstik,malicious,CTU-IoT-Malware-Capture-3-1.conn.log.labeled,Benign,0.803655,53283,22,0.0,0.0,1,1,60,40,0,tcp,,REJ,Sr,1.0,0.0,1.0,0.0,0.0,2,0.5,0.0
CTU-IoT-Malware-Capture-3-1,Muhstik,malicious,CTU-IoT-Malware-Capture-3-1.conn.log.labeled,Malicious,2.997312,57644,22,0.0,0.0,3,0,180,0,0,tcp,,S0,S,1.0,0.0,1.0,0.0,0.0,3,3.0,0.0
CTU-IoT-Malware-Capture-3-1,Muhstik,malicious,CTU-IoT-Malware-Capture-3-1.conn.log.labeled,Benign,0.342442,47982,22,0.0,0.0,1,1,60,40,0,tcp,,REJ,Sr,1.0,0.0,1.0,0.0,0.0,2,0.5,0.0
CTU-IoT-Malware-Capture-20-1,Torii,malicious,CTU-IoT-Malware-Capture-20-1.conn.log.labeled,Benign,0.026481,123,123,48.0,48.0,1,1,76,76,0,udp,,SF,Dd,1.0,0.0,1.0,96.0,0.9795918367346939,2,0.5,3625.1038441205346
CTU-Honeypot-Capture-5-1,Amazon-Echo,benign,CTU-Honeypot-Capture-5-1.conn.log.labeled,Benign,0.015275,8,0,560.0,560.0,10,10,840,840,0,icmp,,OTH,,1.0,1.0,0.0,1120.0,0.9982174688057041,20,0.9090909090909091,73317.62241424457
CTU-IoT-Malware-Capture-34-1,Mirai,malicious,CTU-IoT-Malware-Capture-34-1.conn.log.labeled,Benign,0.009238,123,123,48.0,48.0,1,1,76,76,0,udp,,SF,Dd,1.0,0.0,1.0,96.0,0.9795918367346939,2,0.5,10390.734928022515
CTU-IoT-Malware-Capture-1-1,Hide-and-Seek,malicious,CTU-IoT-Malware-Capture-1-1.conn.log.labeled,Malicious,,33367,2323,,,1,0,60,0,0,tcp,,S0,S,1.0,0.0,1.0,0.0,,1,1.0,
CTU-IoT-Malware-Capture-20-1,Torii,malicious,CTU-IoT-Malware-Capture-20-1.conn.log.labeled,Benign,0.002746,123,123,48.0,48.0,1,1,76,76,0,udp,,SF,Dd,1.0,0.0,1.0,96.0,0.9795918367346939,2,0.5,34947.215143793226
CTU-IoT-Malware-Capture-3-1,Muhstik,malicious,CTU-IoT-Malware-Capture-3-1.conn.log.labeled,Malicious,,54513,22,,,1,0,60,0,0,tcp,,S0,S,1.0,0.0,1.0,0.0,,1,1.0,
CTU-IoT-Malware-Capture-1-1,Hide-and-Seek,malicious,CTU-IoT-Malware-Capture-1-1.conn.log.labeled,Malicious,2.999037,60604,23,0.0,0.0,3,0,180,0,0,tcp,,S0,S,1.0,0.0,1.0,0.0,0.0,3,3.0,0.0
CTU-IoT-Malware-Capture-8-1,Hakai,malicious,CTU-IoT-Malware-Capture-8-1.conn.log.labeled,Malicious,3.092991,36356,50,0.0,0.0,3,0,180,0,0,tcp,,S0,S,1.0,0.0,1.0,0.0,0.0,3,3.0,0.0
CTU-IoT-Malware-Capture-1-1,Hide-and-Seek,malicious,CTU-IoT-Malware-Capture-1-1.conn.log.labeled,Malicious,,55390,23,,,1,0,60,0,0,tcp,,S0,S,1.0,0.0,1.0,0.0,,1,1.0,
CTU-IoT-Malware-Capture-1-1,Hide-and-Seek,malicious,CTU-IoT-Malware-Capture-1-1.conn.log.labeled,Benign,,43763,4834,,,1,0,40,0,0,udp,,S0,D,1.0,0.0,1.0,0.0,,1,1.0,
CTU-IoT-Malware-Capture-1-1,Hide-and-Seek,malicious,CTU-IoT-Malware-Capture-1-1.conn.log.labeled,Benign,,43763,36575,,,1,0,40,0,0,udp,,S0,D,1.0,0.0,1.0,0.0,,1,1.0,
CTU-IoT-Malware-Capture-20-1,Torii,malicious,CTU-IoT-Malware-Capture-20-1.conn.log.labeled,Benign,0.002746,123,123,48.0,48.0,1,1,76,76,0,udp,,SF,Dd,1.0,0.0,1.0,96.0,0.9795918367346939,2,0.5,34947.215143793226
CTU-IoT-Malware-Capture-20-1,Torii,malicious,CTU-IoT-Malware-Capture-20-1.conn.log.labeled,Benign,,123,123,,,1,0,76,0,0,udp,,S0,D,1.0,0.0,1.0,0.0,,1,1.0,
CTU-IoT-Malware-Capture-3-1,Muhstik,malicious,CTU-IoT-Malware-Capture-3-1.conn.log.labeled,Benign,21.43267,54221,22,32.0,0.0,9,2,572,84,0,tcp,,RSTR,ShADFr,1.0,0.0,1.0,32.0,32.0,11,3.0,1.4930476934022827
CTU-IoT-Malware-Capture-34-1,Mirai,malicious,CTU-IoT-Malware-Capture-34-1.conn.log.labeled,Benign,,123,123,,,1,0,76,0,0,udp,,S0,D,1.0,0.0,1.0,0.0,,1,1.0,
CTU-IoT-Malware-Capture-1-1,Hide-and-Seek,malicious,CTU-IoT-Malware-Capture-1-1.conn.log.labeled,Malicious,,51961,8080,,,1,0,60,0,0,tcp,,S0,S,1.0,0.0,1.0,0.0,,1,1.0,
CTU-IoT-Malware-Capture-1-1,Hide-and-Seek,malicious,CTU-IoT-Malware-Capture-1-1.conn.log.labeled,Benign,,43763,6819,,,1,0,40,0,0,udp,,S0,D,1.0,0.0,1.0,0.0,,1,1.0,
CTU-IoT-Malware-Capture-34-1,Mirai,malicious,CTU-IoT-Malware-Capture-34-1.conn.log.labeled,Malicious,,65279,80,,,0,0,0,0,0,tcp,,OTH,C,1.0,0.0,1.0,0.0,,0,0.0,
CTU-IoT-Malware-Capture-60-1,Gagfyt,malicious,CTU-IoT-Malware-Capture-60-1.conn.log.labeled,Malicious,,53107,62336,,,0,0,0,0,0,tcp,,OTH,C,1.0,0.0,1.0,0.0,,0,0.0,
CTU-IoT-Malware-Capture-1-1,Hide-and-Seek,malicious,CTU-IoT-Malware-Capture-1-1.conn.log.labeled,Benign,,43763,21853,,,1,0,40,0,0,udp,,S0,D,1.0,0.0,1.0,0.0,,1,1.0,
CTU-IoT-Malware-Capture-34-1,Mirai,malicious,CTU-IoT-Malware-Capture-34-1.conn.log.labeled,Malicious,,65279,80,,,0,0,0,0,0,tcp,,OTH,C,1.0,0.0,1.0,0.0,,0,0.0,
CTU-IoT-Malware-Capture-60-1,Gagfyt,malicious,CTU-IoT-Malware-Capture-60-1.conn.log.labeled,Benign,,62336,443,,,0,0,0,0,0,tcp,,OTH,^c,0.0,1.0,0.0,0.0,,0,0.0,
CTU-IoT-Malware-Capture-20-1,Torii,malicious,CTU-IoT-Malware-Capture-20-1.conn.log.labeled,Benign,0.077455,123,123,48.0,48.0,1,1,76,76,0,udp,,SF,Dd,1.0,0.0,1.0,96.0,0.9795918367346939,2,0.5,1239.4133443503408
CTU-IoT-Malware-Capture-3-1,Muhstik,malicious,CTU-IoT-Malware-Capture-3-1.conn.log.labeled,Malicious,,59690,22,,,1,0,60,0,0,tcp,,S0,S,1.0,0.0,1.0,0.0,,1,1.0,
CTU-IoT-Malware-Capture-3-1,Muhstik,malicious,CTU-IoT-Malware-Capture-3-1.conn.log.labeled,Malicious,,41799,22,,,1,0,60,0,0,tcp,,S0,S,1.0,0.0,1.0,0.0,,1,1.0,
CTU-IoT-Malware-Capture-3-1,Muhstik,malicious,CTU-IoT-Malware-Capture-3-1.conn.log.labeled,Malicious,,46068,22,,,1,0,60,0,0,tcp,,S0,S,1.0,0.0,1.0,0.0,,1,1.0,
CTU-IoT-Malware-Capture-20-1,Torii,malicious,CTU-IoT-Malware-Capture-20-1.conn.log.labeled,Benign,5.005401,60646,53,78.0,0.0,2,0,134,0,0,udp,dns,S0,D,1.0,1.0,0.0,78.0,78.0,2,2.0,15.583163949668778
CTU-IoT-Malware-Capture-20-1,Torii,malicious,CTU-IoT-Malware-Capture-20-1.conn.log.labeled,Benign,0.002748,123,123,48.0,48.0,1,1,76,76,0,udp,,SF,Dd,1.0,0.0,1.0,96.0,0.9795918367346939,2,0.5,34921.789741724264
CTU-IoT-Malware-Capture-1-1,Hide-and-Seek,malicious,CTU-IoT-Malware-Capture-1-1.conn.log.labeled,Malicious,2.998539,56768,23,0.0,0.0,3,0,180,0,0,tcp,,S0,S,1.0,0.0,1.0,0.0,0.0,3,3.0,0.0
CTU-IoT-Malware-Capture-60-1,Gagfyt,malicious,CTU-IoT-Malware-Capture-60-1.conn.log.labeled,Benign,,62336,2811,,,0,0,0,0,0,tcp,,OTH,^c,0.0,1.0,0.0,0.0,,0,0.0,
CTU-IoT-Malware-Capture-8-1,Hakai,malicious,CTU-IoT-Malware-Capture-8-1.conn.log.labeled,Malicious,3.11348,45508,50,0.0,0.0,3,0,180,0,0,tcp,,S0,S,1.0,0.0,1.0,0.0,0.0,3,3.0,0.0
CTU-IoT-Malware-Capture-8-1,Hakai,malicious,CTU-IoT-Malware-Capture-8-1.conn.log.labeled,Benign,0.00173,123,123,48.0,48.0,1,1,76,76,0,udp,,SF,Dd,1.0,0.0,1.0,96.0,0.9795918367346939,2,0.5,55459.27209705373
CTU-IoT-Malware-Capture-3-1,Muhstik,malicious,CTU-IoT-Malware-Capture-3-1.conn.log.labeled,Malicious,1.866907,33093,22,589.0,1801.0,13,14,1273,2537,0,tcp,ssh,SF,ShAdDaFf,1.0,0.0,1.0,2390.0,0.32685904550499445,27,0.8666666666666667,1280.1916323675296
CTU-IoT-Malware-Capture-34-1,Mirai,malicious,CTU-IoT-Malware-Capture-34-1.conn.log.labeled,Benign,0.008739,123,123,48.0,48.0,1,1,76,76,0,udp,,SF,Dd,1.0,0.0,1.0,96.0,0.9795918367346939,2,0.5,10983.981693363845
CTU-Honeypot-Capture-5-1,Amazon-Echo,benign,CTU-Honeypot-Capture-5-1.conn.log.labeled,Benign,0.014787,8,0,560.0,560.0,10,10,840,840,0,icmp,,OTH,,1.0,1.0,0.0,1120.0,0.9982174688057041,20,0.9090909090909091,75737.0841222613
CTU-IoT-Malware-Capture-3-1,Muhstik,malicious,CTU-IoT-Malware-Capture-3-1.conn.log.labeled,Benign,,11,0,,,1,0,56,0,0,icmp,,OTH,,0.0,1.0,0.0,0.0,,1,1.0,
CTU-Honeypot-Capture-5-1,Amazon-Echo,benign,CTU-Honeypot-Capture-5-1.conn.log.labeled,Benign,,5353,5353,,,1,0,137,0,0,udp,dns,S0,D,1.0,0.0,1.0,0.0,,1,1.0,
CTU-IoT-Malware-Capture-3-1,Muhstik,malicious,CTU-IoT-Malware-Capture-3-1.conn.log.labeled,Malicious,2.990348,44742,22,0.0,0.0,3,0,180,0,0,tcp,,S0,S,1.0,0.0,1.0,0.0,0.0,3,3.0,0.0
CTU-IoT-Malware-Capture-3-1,Muhstik,malicious,CTU-IoT-Malware-Capture-3-1.conn.log.labeled,Malicious,2.990909,51627,22,0.0,0.0,3,0,180,0,0,tcp,,S0,S,1.0,0.0,1.0,0.0,0.0,3,3.0,0.0
CTU-IoT-Malware-Capture-60-1,Gagfyt,malicious,CTU-IoT-Malware-Capture-60-1.conn.log.labeled,Malicious,,16522,62336,,,0,0,0,0,0,tcp,,OTH,C,1.0,0.0,1.0,0.0,,0,0.0,
CTU-IoT-Malware-Capture-8-1,Hakai,malicious,CTU-IoT-Malware-Capture-8-1.conn.log.labeled,Benign,0.004997,123,123,48.0,48.0,1,1,76,76,0,udp,,SF,Dd,1.0,0.0,1.0,96.0,0.9795918367346939,2,0.5,19207.68307322929
CTU-IoT-Malware-Capture-1-1,Hide-and-Seek,malicious,CTU-IoT-Malware-Capture-1-1.conn.log.labeled,Benign,,43763,40355,,,1,0,40,0,0,udp,,S0,D,1.0,0.0,1.0,0.0,,1,1.0,
CTU-IoT-Malware-Capture-60-1,Gagfyt,malicious,CTU-IoT-Malware-Capture-60-1.conn.log.labeled,Malicious,,53291,62336,,,0,0,0,0,0,tcp,,OTH,C,1.0,0.0,1.0,0.0,,0,0.0,
CTU-IoT-Malware-Capture-1-1,Hide-and-Seek,malicious,CTU-IoT-Malware-Capture-1-1.conn.log.labeled,Malicious,,42420,8080,,,1,0,60,0,0,tcp,,S0,S,1.0,0.0,1.0,0.0,,1,1.0,
CTU-IoT-Malware-Capture-1-1,Hide-and-Seek,malicious,CTU-IoT-Malware-Capture-1-1.conn.log.labeled,Malicious,,45985,8080,,,1,0,60,0,0,tcp,,S0,S,1.0,0.0,1.0,0.0,,1,1.0,
CTU-IoT-Malware-Capture-34-1,Mirai,malicious,CTU-IoT-Malware-Capture-34-1.conn.log.labeled,Malicious,,65279,80,,,0,0,0,0,0,tcp,,OTH,C,1.0,0.0,1.0,0.0,,0,0.0,
CTU-IoT-Malware-Capture-8-1,Hakai,malicious,CTU-IoT-Malware-Capture-8-1.conn.log.labeled,Malicious,3.088742,34548,50,0.0,0.0,3,0,180,0,0,tcp,,S0,S,1.0,0.0,1.0,0.0,0.0,3,3.0,0.0
CTU-IoT-Malware-Capture-1-1,Hide-and-Seek,malicious,CTU-IoT-Malware-Capture-1-1.conn.log.labeled,Malicious,,45350,2323,,,1,0,60,0,0,tcp,,S0,S,1.0,0.0,1.0,0.0,,1,1.0,
CTU-IoT-Malware-Capture-34-1,Mirai,malicious,CTU-IoT-Malware-Capture-34-1.conn.log.labeled,Malicious,,65279,80,,,0,0,0,0,0,tcp,,OTH,C,1.0,0.0,1.0,0.0,,0,0.0,
CTU-IoT-Malware-Capture-34-1,Mirai,malicious,CTU-IoT-Malware-Capture-34-1.conn.log.labeled,Malicious,1.076886,51986,6667,75.0,243.0,7,6,447,563,0,tcp,irc,S3,ShAdDaf,1.0,0.0,1.0,318.0,0.3073770491803279,13,1.0,295.2956066885384
CTU-IoT-Malware-Capture-1-1,Hide-and-Seek,malicious,CTU-IoT-Malware-Capture-1-1.conn.log.labeled,Malicious,2.999337,39288,2323,0.0,0.0,3,0,180,0,0,tcp,,S0,S,1.0,0.0,1.0,0.0,0.0,3,3.0,0.0
CTU-IoT-Malware-Capture-1-1,Hide-and-Seek,malicious,CTU-IoT-Malware-Capture-1-1.conn.log.labeled,Benign,,43763,19183,,,1,0,40,0,0,udp,,S0,D,1.0,0.0,1.0,0.0,,1,1.0,
CTU-IoT-Malware-Capture-1-1,Hide-and-Seek,malicious,CTU-IoT-Malware-Capture-1-1.conn.log.labeled,Benign,,43763,38637,,,1,0,40,0,0,udp,,S0,D,1.0,0.0,1.0,0.0,,1,1.0,
CTU-IoT-Malware-Capture-60-1,Gagfyt,malicious,CTU-IoT-Malware-Capture-60-1.conn.log.labeled,Malicious,,1570,62336,,,0,0,0,0,0,tcp,,OTH,C,1.0,0.0,1.0,0.0,,0,0.0,
CTU-IoT-Malware-Capture-20-1,Torii,malicious,CTU-IoT-Malware-Capture-20-1.conn.log.labeled,Benign,,123,123,,,1,0,76,0,0,udp,,S0,D,1.0,0.0,1.0,0.0,,1,1.0,
CTU-IoT-Malware-Capture-8-1,Hakai,malicious,CTU-IoT-Malware-Capture-8-1.conn.log.labeled,Benign,0.001743,123,123,48.0,48.0,1,1,76,76,0,udp,,SF,Dd,1.0,0.0,1.0,96.0,0.9795918367346939,2,0.5,55045.87155963303
CTU-IoT-Malware-Capture-20-1,Torii,malicious,CTU-IoT-Malware-Capture-20-1.conn.log.labeled,Benign,,123,123,,,1,0,76,0,0,udp,,S0,D,1.0,0.0,1.0,0.0,,1,1.0,
CTU-IoT-Malware-Capture-8-1,Hakai,malicious,CTU-IoT-Malware-Capture-8-1.conn.log.labeled,Malicious,,36892,50,,,1,0,60,0,0,tcp,,S0,S,1.0,0.0,1.0,0.0,,1,1.0,
CTU-IoT-Malware-Capture-20-1,Torii,malicious,CTU-IoT-Malware-Capture-20-1.conn.log.labeled,Benign,0.000499,57925,53,45.0,45.0,1,1,73,73,0,udp,dns,SF,Dd,1.0,1.0,0.0,90.0,0.9782608695652174,2,0.5,180000.0
CTU-IoT-Malware-Capture-20-1,Torii,malicious,CTU-IoT-Malware-Capture-20-1.conn.log.labeled,Benign,0.000499,42227,53,45.0,45.0,1,1,73,73,0,udp,dns,SF,Dd,1.0,1.0,0.0,90.0,0.9782608695652174,2,0.5,180000.0
CTU-IoT-Malware-Capture-1-1,Hide-and-Seek,malicious,CTU-IoT-Malware-Capture-1-1.conn.log.labeled,Malicious,,43104,8080,,,1,0,60,0,0,tcp,,S0,S,1.0,0.0,1.0,0.0,,1,1.0,
CTU-IoT-Malware-Capture-3-1,Muhstik,malicious,CTU-IoT-Malware-Capture-3-1.conn.log.labeled,Malicious,,44249,22,,,1,0,60,0,0,tcp,,S0,S,1.0,0.0,1.0,0.0,,1,1.0,
CTU-IoT-Malware-Capture-1-1,Hide-and-Seek,malicious,CTU-IoT-Malware-Capture-1-1.conn.log.labeled,Malicious,,34983,9527,,,1,0,60,0,0,tcp,,S0,S,1.0,0.0,1.0,0.0,,1,1.0,
CTU-IoT-Malware-Capture-34-1,Mirai,malicious,CTU-IoT-Malware-Capture-34-1.conn.log.labeled,Malicious,,65279,80,,,0,0,0,0,0,tcp,,OTH,C,1.0,0.0,1.0,0.0,,0,0.0,
CTU-IoT-Malware-Capture-60-1,Gagfyt,malicious,CTU-IoT-Malware-Capture-60-1.conn.log.labeled,Benign,,62336,5222,,,0,0,0,0,0,tcp,,OTH,^c,0.0,1.0,0.0,0.0,,0,0.0,
CTU-IoT-Malware-Capture-34-1,Mirai,malicious,CTU-IoT-Malware-Capture-34-1.conn.log.labeled,Benign,0.001744,123,123,48.0,48.0,1,1,76,76,0,udp,,SF,Dd,1.0,0.0,1.0,96.0,0.9795918367346939,2,0.5,55014.32664756447
CTU-IoT-Malware-Capture-20-1,Torii,malicious,CTU-IoT-Malware-Capture-20-1.conn.log.labeled,Benign,0.076215,123,123,48.0,48.0,1,1,76,76,0,udp,,SF,Dd,1.0,0.0,1.0,96.0,0.9795918367346939,2,0.5,1259.5780413561456
CTU-IoT-Malware-Capture-3-1,Muhstik,malicious,CTU-IoT-Malware-Capture-3-1.conn.log.labeled,Malicious,,35239,22,,,1,0,60,0,0,tcp,,S0,S,1.0,0.0,1.0,0.0,,1,1.0,
CTU-IoT-Malware-Capture-8-1,Hakai,malicious,CTU-IoT-Malware-Capture-8-1.conn.log.labeled,Benign,0.002479,123,123,48.0,48.0,1,1,76,76,0,udp,,SF,Dd,1.0,0.0,1.0,96.0,0.9795918367346939,2,0.5,38709.67741935484
CTU-IoT-Malware-Capture-60-1,Gagfyt,malicious,CTU-IoT-Malware-Capture-60-1.conn.log.labeled,Benign,3e-06,123,123,96.0,0.0,2,0,152,0,0,udp,,S0,D,1.0,0.0,1.0,96.0,96.0,2,2.0,24000000.0
CTU-IoT-Malware-Capture-1-1,Hide-and-Seek,malicious,CTU-IoT-Malware-Capture-1-1.conn.log.labeled,Benign,,43763,51831,,,1,0,40,0,0,udp,,S0,D,1.0,0.0,1.0,0.0,,1,1.0,
CTU-IoT-Malware-Capture-34-1,Mirai,malicious,CTU-IoT-Malware-Capture-34-1.conn.log.labeled,Benign,1.477656,41040,80,149.0,128252.0,94,96,5525,139044,2896,tcp,http,SF,ShADadttcfF,1.0,0.0,1.0,128401.0,0.001161766196502226,190,0.9690721649484536,86894.9966061136
CTU-IoT-Malware-Capture-3-1,Muhstik,malicious,CTU-IoT-Malware-Capture-3-1.conn.log.labeled,Malicious,2.993889,34813,22,0.0,0.0,3,0,180,0,0,tcp,,S0,S,1.0,0.0,1.0,0.0,0.0,3,3.0,0.0
CTU-IoT-Malware-Capture-8-1,Hakai,malicious,CTU-IoT-Malware-Capture-8-1.conn.log.labeled,Benign,0.001732,123,123,48.0,48.0,1,1,76,76,0,udp,,SF,Dd,1.0,0.0,1.0,96.0,0.9795918367346939,2,0.5,55395.26832083093
CTU-IoT-Malware-Capture-1-1,Hide-and-Seek,malicious,CTU-IoT-Malware-Capture-1-1.conn.log.labeled,Benign,,43763,2636,,,1,0,40,0,0,udp,,S0,D,1.0,1.0,0.0,0.0,,1,1.0,
CTU-IoT-Malware-Capture-60-1,Gagfyt,malicious,CTU-IoT-Malware-Capture-60-1.conn.log.labeled,Malicious,,43588,62336,,,0,0,0,0,0,tcp,,OTH,C,1.0,0.0,1.0,0.0,,0,0.0,
CTU-IoT-Malware-Capture-60-1,Gagfyt,malicious,CTU-IoT-Malware-Capture-60-1.conn.log.labeled,Malicious,,7721,62336,,,0,0,0,0,0,tcp,,OTH,C,1.0,0.0,1.0,0.0,,0,0.0,
CTU-IoT-Malware-Capture-1-1,Hide-and-Seek,malicious,CTU-IoT-Malware-Capture-1-1.conn.log.labeled,Benign,,43763,20538,,,1,0,40,0,0,udp,,S0,D,1.0,0.0,1.0,0.0,,1,1.0,
CTU-IoT-Malware-Capture-60-1,Gagfyt,malicious,CTU-IoT-Malware-Capture-60-1.conn.log.labeled,Malicious,,33342,62336,,,0,0,0,0,0,tcp,,OTH,C,1.0,0.0,1.0,0.0,,0,0.0,
CTU-IoT-Malware-Capture-1-1,Hide-and-Seek,malicious,CTU-IoT-Malware-Capture-1-1.conn.log.labeled,Malicious,2.998795,33030,8080,0.0,0.0,3,0,180,0,0,tcp,,S0,S,1.0,0.0,1.0,0.0,0.0,3,3.0,0.0
CTU-IoT-Malware-Capture-3-1,Muhstik,malicious,CTU-IoT-Malware-Capture-3-1.conn.log.labeled,Malicious,2.993779,51010,22,0.0,0.0,3,0,180,0,0,tcp,,S0,S,1.0,0.0,1.0,0.0,0.0,3,3.0,0.0
CTU-IoT-Malware-Capture-1-1,Hide-and-Seek,malicious,CTU-IoT-Malware-Capture-1-1.conn.log.labeled,Malicious,2.998793,47206,23,0.0,0.0,3,0,180,0,0,tcp,,S0,S,1.0,0.0,1.0,0.0,0.0,3,3.0,0.0
CTU-IoT-Malware-Capture-60-1,Gagfyt,malicious,CTU-IoT-Malware-Capture-60-1.conn.log.labeled,Malicious,,20057,62336,,,0,0,0,0,0,tcp,,OTH,C,1.0,0.0,1.0,0.0,,0,0.0,
CTU-IoT-Malware-Capture-3-1,Muhstik,malicious,CTU-IoT-Malware-Capture-3-1.conn.log.labeled,Benign,0.184233,60440,22,0.0,0.0,1,1,60,40,0,tcp,,REJ,Sr,1.0,0.0,1.0,0.0,0.0,2,0.5,0.0
CTU-IoT-Malware-Capture-1-1,Hide-and-Seek,malicious,CTU-IoT-Malware-Capture-1-1.conn.log.labeled,Malicious,,45758,8080,,,1,0,60,0,0,tcp,,S0,S,1.0,0.0,1.0,0.0,,1,1.0,
CTU-IoT-Malware-Capture-34-1,Mirai,malicious,CTU-IoT-Malware-Capture-34-1.conn.log.labeled,Benign,0.048461,123,123,48.0,48.0,1,1,76,76,0,udp,,SF,Dd,1.0,0.0,1.0,96.0,0.9795918367346939,2,0.5,1980.9335149189055
CTU-IoT-Malware-Capture-1-1,Hide-and-Seek,malicious,CTU-IoT-Malware-Capture-1-1.conn.log.labeled,Benign,,43763,59623,,,1,0,40,0,0,udp,,S0,D,1.0,0.0,1.0,0.0,,1,1.0,
CTU-IoT-Malware-Capture-1-1,Hide-and-Seek,malicious,CTU-IoT-Malware-Capture-1-1.conn.log.labeled,Benign,,43763,52227,,,1,0,40,0,0,udp,,S0,D,1.0,1.0,0.0,0.0,,1,1.0,
CTU-IoT-Malware-Capture-8-1,Hakai,malicious,CTU-IoT-Malware-Capture-8-1.conn.log.labeled,Benign,0.001985,123,123,48.0,48.0,1,1,76,76,0,udp,,SF,Dd,1.0,0.0,1.0,96.0,0.9795918367346939,2,0.5,48338.36858006042
CTU-IoT-Malware-Capture-34-1,Mirai,malicious,CTU-IoT-Malware-Capture-34-1.conn.log.labeled,Benign,5.003386,34033,53,78.0,0.0,2,0,134,0,0,udp,dns,S0,D,1.0,1.0,0.0,78.0,78.0,2,2.0,15.589439713538049
CTU-Honeypot-Capture-4-1,Philips-HUE,benign,CTU-Honeypot-Capture-4-1.conn.log.labeled,Benign,0.009247,36088,53,37.0,442.0,1,1,65,470,0,udp,dns,SF,Dd,1.0,1.0,0.0,479.0,0.0835214446952596,2,0.5,51794.98269896194
CTU-IoT-Malware-Capture-8-1,Hakai,malicious,CTU-IoT-Malware-Capture-8-1.conn.log.labeled,Malicious,,34920,50,,,1,0,60,0,0,tcp,,S0,S,1.0,0.0,1.0,0.0,,1,1.0,
CTU-IoT-Malware-Capture-60-1,Gagfyt,malicious,CTU-IoT-Malware-Capture-60-1.conn.log.labeled,Benign,,62336,1080,,,0,0,0,0,0,tcp,,OTH,^c,0.0,1.0,0.0,0.0,,0,0.0,
CTU-IoT-Malware-Capture-8-1,Hakai,malicious,CTU-IoT-Malware-Capture-8-1.conn.log.labeled,Malicious,,35188,50,,,1,0,60,0,0,tcp,,S0,S,1.0,0.0,1.0,0.0,,1,1.0,
CTU-IoT-Malware-Capture-60-1,Gagfyt,malicious,CTU-IoT-Malware-Capture-60-1.conn.log.labeled,Malicious,,27567,62336,,,0,0,0,0,0,tcp,,OTH,C,1.0,0.0,1.0,0.0,,0,0.0,
CTU-IoT-Malware-Capture-8-1,Hakai,malicious,CTU-IoT-Malware-Capture-8-1.conn.log.labeled,Malicious,,37472,50,,,1,0,60,0,0,tcp,,S0,S,1.0,0.0,1.0,0.0,,1,1.0,
CTU-IoT-Malware-Capture-3-1,Muhstik,malicious,CTU-IoT-Malware-Capture-3-1.conn.log.labeled,Malicious,,57872,22,,,1,0,60,0,0,tcp,,S0,S,1.0,0.0,1.0,0.0,,1,1.0,
CTU-Honeypot-Capture-5-1,Amazon-Echo,benign,CTU-Honeypot-Capture-5-1.conn.log.labeled,Benign,7.008969,5353,5353,804.0,0.0,4,0,916,0,0,udp,dns,S0,D,1.0,0.0,1.0,804.0,804.0,4,4.0,114.71014999350832
CTU-IoT-Malware-Capture-1-1,Hide-and-Seek,malicious,CTU-IoT-Malware-Capture-1-1.conn.log.labeled,Malicious,,36303,8080,,,1,0,60,0,0,tcp,,S0,S,1.0,0.0,1.0,0.0,,1,1.0,
CTU-IoT-Malware-Capture-60-1,Gagfyt,malicious,CTU-IoT-Malware-Capture-60-1.conn.log.labeled,Benign,,62336,6668,,,0,0,0,0,0,tcp,,OTH,^c,0.0,1.0,0.0,0.0,,0,0.0,
CTU-IoT-Malware-Capture-3-1,Muhstik,malicious,CTU-IoT-Malware-Capture-3-1.conn.log.labeled,Benign,,3,1,,,1,0,56,0,0,icmp,,OTH,,0.0,1.0,0.0,0.0,,1,1.0,
CTU-IoT-Malware-Capture-34-1,Mirai,malicious,CTU-IoT-Malware-Capture-34-1.conn.log.labeled,Benign,,123,123,,,1,0,76,0,0,udp,,S0,D,1.0,0.0,1.0,0.0,,1,1.0,
CTU-IoT-Malware-Capture-60-1,Gagfyt,malicious,CTU-IoT-Malware-Capture-60-1.conn.log.labeled,Malicious,,38789,62336,,,0,0,0,0,0,tcp,,OTH,C,1.0,0.0,1.0,0.0,,0,0.0,
CTU-IoT-Malware-Capture-1-1,Hide-and-Seek,malicious,CTU-IoT-Malware-Capture-1-1.conn.log.labeled,Malicious,,49867,8080,,,1,0,60,0,0,tcp,,S0,S,1.0,0.0,1.0,0.0,,1,1.0,
CTU-IoT-Malware-Capture-8-1,Hakai,malicious,CTU-IoT-Malware-Capture-8-1.conn.log.labeled,Benign,0.001497,123,123,48.0,48.0,1,1,76,76,0,udp,,SF,Dd,1.0,0.0,1.0,96.0,0.9795918367346939,2,0.5,64085.447263017355
CTU-IoT-Malware-Capture-34-1,Mirai,malicious,CTU-IoT-Malware-Capture-34-1.conn.log.labeled,Malicious,,65279,80,,,0,0,0,0,0,tcp,,OTH,C,1.0,0.0,1.0,0.0,,0,0.0,
CTU-IoT-Malware-Capture-3-1,Muhstik,malicious,CTU-IoT-Malware-Capture-3-1.conn.log.labeled,Benign,,11,0,,,1,0,88,0,0,icmp,,OTH,,0.0,1.0,0.0,0.0,,1,1.0,
CTU-IoT-Malware-Capture-3-1,Muhstik,malicious,CTU-IoT-Malware-Capture-3-1.conn.log.labeled,Malicious,,40954,59353,,,1,0,60,0,0,tcp,,S0,S,1.0,0.0,1.0,0.0,,1,1.0,
CTU-IoT-Malware-Capture-60-1,Gagfyt,malicious,CTU-IoT-Malware-Capture-60-1.conn.log.labeled,Benign,,62336,3128,,,0,0,0,0,0,tcp,,OTH,^c,0.0,1.0,0.0,0.0,,0,0.0,
CTU-IoT-Malware-Capture-34-1,Mirai,malicious,CTU-IoT-Malware-Capture-34-1.conn.log.labeled,Malicious,,65279,80,,,0,0,0,0,0,tcp,,OTH,C,1.0,0.0,1.0,0.0,,0,0.0,
CTU-IoT-Malware-Capture-8-1,Hakai,malicious,CTU-IoT-Malware-Capture-8-1.conn.log.labeled,Malicious,,35640,50,,,1,0,60,0,0,tcp,,S0,S,1.0,0.0,1.0,0.0,,1,1.0,
